{
    "primary": {
        "identifier": "FTL",
        "version": 0.8325700163841248
    },
    "secondary_offsets": {
        "3dData": 544,
        "clothesData": -1,
        "collisionSpheres": -1,
        "cylinder": -1,
        "physicsBox": -1,
        "progressiveData": -1
    },
    "section_headers": {
        "3dData": {
            "actionCount": 2,
            "faceCount": 2094,
            "groupCount": 34,
            "modelName": "C:\\ARX\\GRAPH\\OBJ3D\\INTERACTIVE\\NPC\\DRAGON_ICE\\DRAGON_ICE.TEO",
            "originVertexIndex": 0,
            "selectionCount": 2,
            "textureCount": 3,
            "vertexCount": 1074
        },
        "clothes": {
            "springCount": 0,
            "vertexCount": 0
        },
        "collisionSpheres": {
            "count": 0
        },
        "progressive": {
            "vertexCount": 0
        }
    }
}