{
    "actions": [],
    "cloth": {
        "springs": [],
        "vertices": []
    },
    "faces": [
        {
            "faceNormal": [
                0.5575337409973145,
                -0.6150711178779602,
                -0.5575335621833801
            ],
            "flags": 257,
            "indices": [
                3,
                1,
                5
            ],
            "texCoords": {
                "u": [
                    0.3671875,
                    0.6953125,
                    0.5546875
                ],
                "v": [
                    0.9921875,
                    0.9921875,
                    0.8359375
                ]
            },
            "texIndices": 0,
            "transparency": 0.0,
            "vertexColors": [
                0,
                0,
                0
            ]
        },
        {
            "faceNormal": [
                0.5575336217880249,
                -0.6150711178779602,
                -0.5575335621833801
            ],
            "flags": 257,
            "indices": [
                5,
                7,
                3
            ],
            "texCoords": {
                "u": [
                    0.5546875,
                    0.5,
                    0.3671875
                ],
                "v": [
                    0.8359375,
                    0.8359375,
                    0.9921875
                ]
            },
            "texIndices": 0,
            "transparency": 0.0,
            "vertexColors": [
                0,
                0,
                0
            ]
        },
        {
            "faceNormal": [
                0.5201089382171631,
                -0.67747563123703,
                0.5201090574264526
            ],
            "flags": 257,
            "indices": [
                1,
                2,
                6
            ],
            "texCoords": {
                "u": [
                    0.3671875,
                    0.6953125,
                    0.5546875
                ],
                "v": [
                    0.9921875,
                    0.9921875,
                    0.8359375
                ]
            },
            "texIndices": 0,
            "transparency": 0.0,
            "vertexColors": [
                0,
                0,
                0
            ]
        },
        {
            "faceNormal": [
                0.5201088190078735,
                -0.6774753928184509,
                0.5201094150543213
            ],
            "flags": 257,
            "indices": [
                6,
                5,
                1
            ],
            "texCoords": {
                "u": [
                    0.5546875,
                    0.5,
                    0.3671875
                ],
                "v": [
                    0.8359375,
                    0.8359375,
                    0.9921875
                ]
            },
            "texIndices": 0,
            "transparency": 0.0,
            "vertexColors": [
                0,
                0,
                0
            ]
        },
        {
            "faceNormal": [
                -0.520109236240387,
                -0.6774754524230957,
                0.5201089978218079
            ],
            "flags": 257,
            "indices": [
                2,
                0,
                4
            ],
            "texCoords": {
                "u": [
                    0.3671875,
                    0.6953125,
                    0.5546875
                ],
                "v": [
                    0.9921875,
                    0.9921875,
                    0.8359375
                ]
            },
            "texIndices": 0,
            "transparency": 0.0,
            "vertexColors": [
                0,
                0,
                0
            ]
        },
        {
            "faceNormal": [
                -0.5201094746589661,
                -0.6774752736091614,
                0.5201088786125183
            ],
            "flags": 257,
            "indices": [
                4,
                6,
                2
            ],
            "texCoords": {
                "u": [
                    0.5546875,
                    0.5,
                    0.3671875
                ],
                "v": [
                    0.8359375,
                    0.8359375,
                    0.9921875
                ]
            },
            "texIndices": 0,
            "transparency": 0.0,
            "vertexColors": [
                0,
                0,
                0
            ]
        },
        {
            "faceNormal": [
                -0.5575334429740906,
                -0.6150709986686707,
                -0.557533860206604
            ],
            "flags": 257,
            "indices": [
                0,
                3,
                7
            ],
            "texCoords": {
                "u": [
                    0.3671875,
                    0.6953125,
                    0.5546875
                ],
                "v": [
                    0.9921875,
                    0.9921875,
                    0.8359375
                ]
            },
            "texIndices": 0,
            "transparency": 0.0,
            "vertexColors": [
                0,
                0,
                0
            ]
        },
        {
            "faceNormal": [
                -0.5575335025787354,
                -0.615071177482605,
                -0.5575336813926697
            ],
            "flags": 257,
            "indices": [
                7,
                4,
                0
            ],
            "texCoords": {
                "u": [
                    0.5546875,
                    0.5,
                    0.3671875
                ],
                "v": [
                    0.8359375,
                    0.8359375,
                    0.9921875
                ]
            },
            "texIndices": 0,
            "transparency": 0.0,
            "vertexColors": [
                0,
                0,
                0
            ]
        },
        {
            "faceNormal": [
                -0.655613899230957,
                0.37462204694747925,
                0.6556131839752197
            ],
            "flags": 257,
            "indices": [
                6,
                4,
                8
            ],
            "texCoords": {
                "u": [
                    0.71875,
                    0.8046875,
                    0.8203125
                ],
                "v": [
                    0.0,
                    0.0,
                    0.203125
                ]
            },
            "texIndices": 0,
            "transparency": 0.0,
            "vertexColors": [
                0,
                0,
                0
            ]
        },
        {
            "faceNormal": [
                -0.5750651359558105,
                0.3574848175048828,
                0.7358700037002563
            ],
            "flags": 257,
            "indices": [
                8,
                10,
                6
            ],
            "texCoords": {
                "u": [
                    0.8203125,
                    0.71875,
                    0.71875
                ],
                "v": [
                    0.203125,
                    0.1640625,
                    0.0
                ]
            },
            "texIndices": 0,
            "transparency": 0.0,
            "vertexColors": [
                0,
                0,
                0
            ]
        },
        {
            "faceNormal": [
                0.575064480304718,
                0.3574850261211395,
                0.7358705401420593
            ],
            "flags": 257,
            "indices": [
                6,
                10,
                9
            ],
            "texCoords": {
                "u": [
                    0.71875,
                    0.71875,
                    0.625
                ],
                "v": [
                    0.0,
                    0.1640625,
                    0.1875
                ]
            },
            "texIndices": 0,
            "transparency": 0.0,
            "vertexColors": [
                0,
                0,
                0
            ]
        },
        {
            "faceNormal": [
                0.6556131839752197,
                0.37462231516838074,
                0.655613899230957
            ],
            "flags": 257,
            "indices": [
                9,
                5,
                6
            ],
            "texCoords": {
                "u": [
                    0.625,
                    0.6328125,
                    0.71875
                ],
                "v": [
                    0.1875,
                    0.0,
                    0.0
                ]
            },
            "texIndices": 0,
            "transparency": 0.0,
            "vertexColors": [
                0,
                0,
                0
            ]
        },
        {
            "faceNormal": [
                0.6550638675689697,
                -0.3765403628349304,
                -0.6550638675689697
            ],
            "flags": 257,
            "indices": [
                7,
                5,
                9
            ],
            "texCoords": {
                "u": [
                    0.265625,
                    0.3515625,
                    0.3671875
                ],
                "v": [
                    0.9921875,
                    0.9921875,
                    0.7890625
                ]
            },
            "texIndices": 0,
            "transparency": 0.0,
            "vertexColors": [
                0,
                0,
                0
            ]
        },
        {
            "faceNormal": [
                0.5577502846717834,
                -0.45345261693000793,
                -0.6951944828033447
            ],
            "flags": 257,
            "indices": [
                9,
                11,
                7
            ],
            "texCoords": {
                "u": [
                    0.3671875,
                    0.2734375,
                    0.265625
                ],
                "v": [
                    0.7890625,
                    0.78125,
                    0.9921875
                ]
            },
            "texIndices": 0,
            "transparency": 0.0,
            "vertexColors": [
                0,
                0,
                0
            ]
        },
        {
            "faceNormal": [
                -0.5577503442764282,
                -0.45345255732536316,
                -0.6951944231987
            ],
            "flags": 257,
            "indices": [
                11,
                8,
                7
            ],
            "texCoords": {
                "u": [
                    0.2734375,
                    0.171875,
                    0.265625
                ],
                "v": [
                    0.78125,
                    0.8046875,
                    0.9921875
                ]
            },
            "texIndices": 0,
            "transparency": 0.0,
            "vertexColors": [
                0,
                0,
                0
            ]
        },
        {
            "faceNormal": [
                -0.6550636887550354,
                -0.37654051184654236,
                -0.6550639271736145
            ],
            "flags": 257,
            "indices": [
                8,
                4,
                7
            ],
            "texCoords": {
                "u": [
                    0.171875,
                    0.1796875,
                    0.265625
                ],
                "v": [
                    0.8046875,
                    0.9921875,
                    0.9921875
                ]
            },
            "texIndices": 0,
            "transparency": 0.0,
            "vertexColors": [
                0,
                0,
                0
            ]
        },
        {
            "faceNormal": [
                -0.2807725965976715,
                0.1336638480424881,
                0.9504213333129883
            ],
            "flags": 257,
            "indices": [
                8,
                12,
                14
            ],
            "texCoords": {
                "u": [
                    0.8203125,
                    0.9140625,
                    0.7265625
                ],
                "v": [
                    0.203125,
                    0.4453125,
                    0.421875
                ]
            },
            "texIndices": 0,
            "transparency": 0.0,
            "vertexColors": [
                0,
                0,
                0
            ]
        },
        {
            "faceNormal": [
                -0.5846208333969116,
                -0.0008549223421141505,
                0.8113062381744385
            ],
            "flags": 257,
            "indices": [
                10,
                8,
                14
            ],
            "texCoords": {
                "u": [
                    0.71875,
                    0.8203125,
                    0.7265625
                ],
                "v": [
                    0.1640625,
                    0.203125,
                    0.421875
                ]
            },
            "texIndices": 0,
            "transparency": 0.0,
            "vertexColors": [
                0,
                0,
                0
            ]
        },
        {
            "faceNormal": [
                -0.5827535390853882,
                0.021830663084983826,
                -0.812355637550354
            ],
            "flags": 257,
            "indices": [
                8,
                11,
                15
            ],
            "texCoords": {
                "u": [
                    0.171875,
                    0.2734375,
                    0.2734375
                ],
                "v": [
                    0.8046875,
                    0.78125,
                    0.546875
                ]
            },
            "texIndices": 0,
            "transparency": 0.0,
            "vertexColors": [
                0,
                0,
                0
            ]
        },
        {
            "faceNormal": [
                -0.3509804308414459,
                0.15502458810806274,
                -0.9234610199928284
            ],
            "flags": 257,
            "indices": [
                15,
                12,
                8
            ],
            "texCoords": {
                "u": [
                    0.2734375,
                    0.078125,
                    0.171875
                ],
                "v": [
                    0.546875,
                    0.5390625,
                    0.8046875
                ]
            },
            "texIndices": 0,
            "transparency": 0.0,
            "vertexColors": [
                0,
                0,
                0
            ]
        },
        {
            "faceNormal": [
                0.5846201777458191,
                -0.0008552652434445918,
                0.8113067150115967
            ],
            "flags": 257,
            "indices": [
                9,
                10,
                14
            ],
            "texCoords": {
                "u": [
                    0.625,
                    0.71875,
                    0.7265625
                ],
                "v": [
                    0.1875,
                    0.1640625,
                    0.421875
                ]
            },
            "texIndices": 0,
            "transparency": 0.0,
            "vertexColors": [
                0,
                0,
                0
            ]
        },
        {
            "faceNormal": [
                0.28077220916748047,
                0.13366365432739258,
                0.9504214525222778
            ],
            "flags": 257,
            "indices": [
                14,
                13,
                9
            ],
            "texCoords": {
                "u": [
                    0.7265625,
                    0.53125,
                    0.625
                ],
                "v": [
                    0.421875,
                    0.453125,
                    0.1875
                ]
            },
            "texIndices": 0,
            "transparency": 0.0,
            "vertexColors": [
                0,
                0,
                0
            ]
        },
        {
            "faceNormal": [
                0.582753598690033,
                0.02183065377175808,
                -0.8123556971549988
            ],
            "flags": 257,
            "indices": [
                15,
                11,
                9
            ],
            "texCoords": {
                "u": [
                    0.2734375,
                    0.2734375,
                    0.3671875
                ],
                "v": [
                    0.546875,
                    0.78125,
                    0.7890625
                ]
            },
            "texIndices": 0,
            "transparency": 0.0,
            "vertexColors": [
                0,
                0,
                0
            ]
        },
        {
            "faceNormal": [
                0.3509804308414459,
                0.15502458810806274,
                -0.9234610199928284
            ],
            "flags": 257,
            "indices": [
                9,
                13,
                15
            ],
            "texCoords": {
                "u": [
                    0.3671875,
                    0.4609375,
                    0.2734375
                ],
                "v": [
                    0.7890625,
                    0.546875,
                    0.546875
                ]
            },
            "texIndices": 0,
            "transparency": 0.0,
            "vertexColors": [
                0,
                0,
                0
            ]
        },
        {
            "faceNormal": [
                -0.3043404817581177,
                -0.5033096075057983,
                0.8087374567985535
            ],
            "flags": 257,
            "indices": [
                14,
                12,
                16
            ],
            "texCoords": {
                "u": [
                    0.7265625,
                    0.9140625,
                    0.9921875
                ],
                "v": [
                    0.421875,
                    0.4453125,
                    0.65625
                ]
            },
            "texIndices": 0,
            "transparency": 0.0,
            "vertexColors": [
                0,
                0,
                0
            ]
        },
        {
            "faceNormal": [
                -0.2626159191131592,
                -0.5571265816688538,
                0.787808895111084
            ],
            "flags": 257,
            "indices": [
                16,
                18,
                14
            ],
            "texCoords": {
                "u": [
                    0.9921875,
                    0.7265625,
                    0.7265625
                ],
                "v": [
                    0.65625,
                    0.65625,
                    0.421875
                ]
            },
            "texIndices": 0,
            "transparency": 0.0,
            "vertexColors": [
                0,
                0,
                0
            ]
        },
        {
            "faceNormal": [
                0.2626156508922577,
                -0.557126522064209,
                0.787808895111084
            ],
            "flags": 257,
            "indices": [
                14,
                18,
                17
            ],
            "texCoords": {
                "u": [
                    0.7265625,
                    0.7265625,
                    0.453125
                ],
                "v": [
                    0.421875,
                    0.65625,
                    0.6640625
                ]
            },
            "texIndices": 0,
            "transparency": 0.0,
            "vertexColors": [
                0,
                0,
                0
            ]
        },
        {
            "faceNormal": [
                0.30434009432792664,
                -0.5033097863197327,
                0.8087375164031982
            ],
            "flags": 257,
            "indices": [
                13,
                14,
                17
            ],
            "texCoords": {
                "u": [
                    0.53125,
                    0.7265625,
                    0.453125
                ],
                "v": [
                    0.453125,
                    0.421875,
                    0.6640625
                ]
            },
            "texIndices": 0,
            "transparency": 0.0,
            "vertexColors": [
                0,
                0,
                0
            ]
        },
        {
            "faceNormal": [
                0.3392394781112671,
                0.684523344039917,
                -0.6452475786209106
            ],
            "flags": 257,
            "indices": [
                15,
                13,
                17
            ],
            "texCoords": {
                "u": [
                    0.2734375,
                    0.4609375,
                    0.5390625
                ],
                "v": [
                    0.546875,
                    0.546875,
                    0.3359375
                ]
            },
            "texIndices": 0,
            "transparency": 0.0,
            "vertexColors": [
                0,
                0,
                0
            ]
        },
        {
            "faceNormal": [
                0.2707326412200928,
                0.615826427936554,
                -0.7399064302444458
            ],
            "flags": 257,
            "indices": [
                17,
                19,
                15
            ],
            "texCoords": {
                "u": [
                    0.5390625,
                    0.2734375,
                    0.2734375
                ],
                "v": [
                    0.3359375,
                    0.28125,
                    0.546875
                ]
            },
            "texIndices": 0,
            "transparency": 0.0,
            "vertexColors": [
                0,
                0,
                0
            ]
        },
        {
            "faceNormal": [
                -0.2707326412200928,
                0.615826427936554,
                -0.7399064302444458
            ],
            "flags": 257,
            "indices": [
                19,
                16,
                15
            ],
            "texCoords": {
                "u": [
                    0.2734375,
                    0.0,
                    0.2734375
                ],
                "v": [
                    0.28125,
                    0.328125,
                    0.546875
                ]
            },
            "texIndices": 0,
            "transparency": 0.0,
            "vertexColors": [
                0,
                0,
                0
            ]
        },
        {
            "faceNormal": [
                -0.3392394781112671,
                0.684523344039917,
                -0.6452474594116211
            ],
            "flags": 257,
            "indices": [
                16,
                12,
                15
            ],
            "texCoords": {
                "u": [
                    0.0,
                    0.078125,
                    0.2734375
                ],
                "v": [
                    0.328125,
                    0.5390625,
                    0.546875
                ]
            },
            "texIndices": 0,
            "transparency": 0.0,
            "vertexColors": [
                0,
                0,
                0
            ]
        },
        {
            "faceNormal": [
                0.27562180161476135,
                0.6583196520805359,
                -0.7004625201225281
            ],
            "flags": 257,
            "indices": [
                19,
                17,
                21
            ],
            "texCoords": {
                "u": [
                    0.2734375,
                    0.5390625,
                    0.359375
                ],
                "v": [
                    0.28125,
                    0.3359375,
                    0.171875
                ]
            },
            "texIndices": 0,
            "transparency": 0.0,
            "vertexColors": [
                0,
                0,
                0
            ]
        },
        {
            "faceNormal": [
                0.4299657344818115,
                0.6816860437393188,
                -0.5919744372367859
            ],
            "flags": 257,
            "indices": [
                21,
                23,
                19
            ],
            "texCoords": {
                "u": [
                    0.359375,
                    0.2734375,
                    0.2734375
                ],
                "v": [
                    0.171875,
                    0.1484375,
                    0.28125
                ]
            },
            "texIndices": 0,
            "transparency": 0.0,
            "vertexColors": [
                0,
                0,
                0
            ]
        },
        {
            "faceNormal": [
                0.23019905388355255,
                -0.9379472136497498,
                0.25935202836990356
            ],
            "flags": 257,
            "indices": [
                17,
                18,
                22
            ],
            "texCoords": {
                "u": [
                    0.453125,
                    0.7265625,
                    0.7265625
                ],
                "v": [
                    0.6640625,
                    0.65625,
                    0.84375
                ]
            },
            "texIndices": 0,
            "transparency": 0.0,
            "vertexColors": [
                0,
                0,
                0
            ]
        },
        {
            "faceNormal": [
                0.3772084712982178,
                -0.9243568778038025,
                -0.05725545063614845
            ],
            "flags": 257,
            "indices": [
                22,
                21,
                17
            ],
            "texCoords": {
                "u": [
                    0.7265625,
                    0.640625,
                    0.453125
                ],
                "v": [
                    0.84375,
                    0.828125,
                    0.6640625
                ]
            },
            "texIndices": 0,
            "transparency": 0.0,
            "vertexColors": [
                0,
                0,
                0
            ]
        },
        {
            "faceNormal": [
                -0.377208948135376,
                -0.9243566989898682,
                -0.057256266474723816
            ],
            "flags": 257,
            "indices": [
                16,
                20,
                22
            ],
            "texCoords": {
                "u": [
                    0.9921875,
                    0.8125,
                    0.7265625
                ],
                "v": [
                    0.65625,
                    0.8203125,
                    0.84375
                ]
            },
            "texIndices": 0,
            "transparency": 0.0,
            "vertexColors": [
                0,
                0,
                0
            ]
        },
        {
            "faceNormal": [
                -0.23019927740097046,
                -0.937947154045105,
                0.25935184955596924
            ],
            "flags": 257,
            "indices": [
                22,
                18,
                16
            ],
            "texCoords": {
                "u": [
                    0.7265625,
                    0.7265625,
                    0.9921875
                ],
                "v": [
                    0.84375,
                    0.65625,
                    0.65625
                ]
            },
            "texIndices": 0,
            "transparency": 0.0,
            "vertexColors": [
                0,
                0,
                0
            ]
        },
        {
            "faceNormal": [
                -0.4299657344818115,
                0.6816860437393188,
                -0.5919744372367859
            ],
            "flags": 257,
            "indices": [
                23,
                20,
                19
            ],
            "texCoords": {
                "u": [
                    0.2734375,
                    0.1875,
                    0.2734375
                ],
                "v": [
                    0.1484375,
                    0.1640625,
                    0.28125
                ]
            },
            "texIndices": 0,
            "transparency": 0.0,
            "vertexColors": [
                0,
                0,
                0
            ]
        },
        {
            "faceNormal": [
                -0.27562180161476135,
                0.6583197116851807,
                -0.7004625797271729
            ],
            "flags": 257,
            "indices": [
                20,
                16,
                19
            ],
            "texCoords": {
                "u": [
                    0.1875,
                    0.0,
                    0.2734375
                ],
                "v": [
                    0.1640625,
                    0.328125,
                    0.28125
                ]
            },
            "texIndices": 0,
            "transparency": 0.0,
            "vertexColors": [
                0,
                0,
                0
            ]
        },
        {
            "faceNormal": [
                0.4983452260494232,
                -0.8145214915275574,
                -0.29699620604515076
            ],
            "flags": 257,
            "indices": [
                26,
                25,
                21
            ],
            "texCoords": {
                "u": [
                    0.7265625,
                    0.6796875,
                    0.640625
                ],
                "v": [
                    0.9296875,
                    0.9375,
                    0.828125
                ]
            },
            "texIndices": 0,
            "transparency": 0.0,
            "vertexColors": [
                0,
                0,
                0
            ]
        },
        {
            "faceNormal": [
                0.367432177066803,
                -0.9156513810157776,
                -0.1630220115184784
            ],
            "flags": 257,
            "indices": [
                21,
                22,
                26
            ],
            "texCoords": {
                "u": [
                    0.640625,
                    0.7265625,
                    0.7265625
                ],
                "v": [
                    0.828125,
                    0.84375,
                    0.9296875
                ]
            },
            "texIndices": 0,
            "transparency": 0.0,
            "vertexColors": [
                0,
                0,
                0
            ]
        },
        {
            "faceNormal": [
                -0.4983461797237396,
                -0.8145208358764648,
                -0.2969963848590851
            ],
            "flags": 257,
            "indices": [
                20,
                24,
                26
            ],
            "texCoords": {
                "u": [
                    0.8125,
                    0.7734375,
                    0.7265625
                ],
                "v": [
                    0.8203125,
                    0.9375,
                    0.9296875
                ]
            },
            "texIndices": 0,
            "transparency": 0.0,
            "vertexColors": [
                0,
                0,
                0
            ]
        },
        {
            "faceNormal": [
                -0.36743271350860596,
                -0.9156512022018433,
                -0.16302195191383362
            ],
            "flags": 257,
            "indices": [
                26,
                22,
                20
            ],
            "texCoords": {
                "u": [
                    0.7265625,
                    0.7265625,
                    0.8125
                ],
                "v": [
                    0.9296875,
                    0.84375,
                    0.8203125
                ]
            },
            "texIndices": 0,
            "transparency": 0.0,
            "vertexColors": [
                0,
                0,
                0
            ]
        },
        {
            "faceNormal": [
                0.8792458176612854,
                0.43007615208625793,
                -0.2048448771238327
            ],
            "flags": 257,
            "indices": [
                25,
                28,
                21
            ],
            "texCoords": {
                "u": [
                    0.3203125,
                    0.296875,
                    0.359375
                ],
                "v": [
                    0.0546875,
                    0.078125,
                    0.171875
                ]
            },
            "texIndices": 0,
            "transparency": 0.0,
            "vertexColors": [
                0,
                0,
                0
            ]
        },
        {
            "faceNormal": [
                0.5831968188285828,
                0.780227780342102,
                0.226110577583313
            ],
            "flags": 257,
            "indices": [
                28,
                23,
                21
            ],
            "texCoords": {
                "u": [
                    0.296875,
                    0.2734375,
                    0.359375
                ],
                "v": [
                    0.078125,
                    0.1484375,
                    0.171875
                ]
            },
            "texIndices": 0,
            "transparency": 0.0,
            "vertexColors": [
                0,
                0,
                0
            ]
        },
        {
            "faceNormal": [
                -0.8792458176612854,
                0.43007615208625793,
                -0.2048449069261551
            ],
            "flags": 257,
            "indices": [
                29,
                24,
                20
            ],
            "texCoords": {
                "u": [
                    0.2421875,
                    0.2265625,
                    0.1875
                ],
                "v": [
                    0.078125,
                    0.0546875,
                    0.1640625
                ]
            },
            "texIndices": 0,
            "transparency": 0.0,
            "vertexColors": [
                0,
                0,
                0
            ]
        },
        {
            "faceNormal": [
                -0.5831968188285828,
                0.780227780342102,
                0.226110577583313
            ],
            "flags": 257,
            "indices": [
                20,
                23,
                29
            ],
            "texCoords": {
                "u": [
                    0.1875,
                    0.2734375,
                    0.2421875
                ],
                "v": [
                    0.1640625,
                    0.1484375,
                    0.078125
                ]
            },
            "texIndices": 0,
            "transparency": 0.0,
            "vertexColors": [
                0,
                0,
                0
            ]
        },
        {
            "faceNormal": [
                0.0,
                0.9993705749511719,
                0.03547397255897522
            ],
            "flags": 257,
            "indices": [
                28,
                27,
                29
            ],
            "texCoords": {
                "u": [
                    0.296875,
                    0.2734375,
                    0.2421875
                ],
                "v": [
                    0.078125,
                    0.0234375,
                    0.078125
                ]
            },
            "texIndices": 0,
            "transparency": 0.0,
            "vertexColors": [
                0,
                0,
                0
            ]
        },
        {
            "faceNormal": [
                0.0,
                0.9997386336326599,
                -0.02285892143845558
            ],
            "flags": 257,
            "indices": [
                29,
                23,
                28
            ],
            "texCoords": {
                "u": [
                    0.2421875,
                    0.2734375,
                    0.296875
                ],
                "v": [
                    0.078125,
                    0.1484375,
                    0.078125
                ]
            },
            "texIndices": 0,
            "transparency": 0.0,
            "vertexColors": [
                0,
                0,
                0
            ]
        },
        {
            "faceNormal": [
                -0.5192171335220337,
                0.8167264461517334,
                -0.25173673033714294
            ],
            "flags": 257,
            "indices": [
                27,
                31,
                29
            ],
            "texCoords": {
                "u": [
                    0.2734375,
                    0.2578125,
                    0.2421875
                ],
                "v": [
                    0.0234375,
                    0.0078125,
                    0.078125
                ]
            },
            "texIndices": 0,
            "transparency": 0.0,
            "vertexColors": [
                0,
                0,
                0
            ]
        },
        {
            "faceNormal": [
                0.5192171335220337,
                0.8167264461517334,
                -0.25173673033714294
            ],
            "flags": 257,
            "indices": [
                28,
                30,
                27
            ],
            "texCoords": {
                "u": [
                    0.296875,
                    0.28125,
                    0.2734375
                ],
                "v": [
                    0.078125,
                    0.0078125,
                    0.0234375
                ]
            },
            "texIndices": 0,
            "transparency": 0.0,
            "vertexColors": [
                0,
                0,
                0
            ]
        },
        {
            "faceNormal": [
                0.824154257774353,
                0.4627973735332489,
                -0.3264787197113037
            ],
            "flags": 257,
            "indices": [
                28,
                25,
                30
            ],
            "texCoords": {
                "u": [
                    0.296875,
                    0.3203125,
                    0.28125
                ],
                "v": [
                    0.078125,
                    0.0546875,
                    0.0078125
                ]
            },
            "texIndices": 0,
            "transparency": 0.0,
            "vertexColors": [
                0,
                0,
                0
            ]
        },
        {
            "faceNormal": [
                0.37834370136260986,
                -0.6609526872634888,
                -0.6480721235275269
            ],
            "flags": 257,
            "indices": [
                25,
                26,
                30
            ],
            "texCoords": {
                "u": [
                    0.6796875,
                    0.7265625,
                    0.7109375
                ],
                "v": [
                    0.9375,
                    0.9296875,
                    0.984375
                ]
            },
            "texIndices": 0,
            "transparency": 0.0,
            "vertexColors": [
                0,
                0,
                0
            ]
        },
        {
            "faceNormal": [
                -0.824154257774353,
                0.4627973735332489,
                -0.3264787495136261
            ],
            "flags": 257,
            "indices": [
                31,
                24,
                29
            ],
            "texCoords": {
                "u": [
                    0.2578125,
                    0.2265625,
                    0.2421875
                ],
                "v": [
                    0.0078125,
                    0.0546875,
                    0.078125
                ]
            },
            "texIndices": 0,
            "transparency": 0.0,
            "vertexColors": [
                0,
                0,
                0
            ]
        },
        {
            "faceNormal": [
                -0.37834441661834717,
                -0.6609521508216858,
                -0.648072361946106
            ],
            "flags": 257,
            "indices": [
                26,
                24,
                31
            ],
            "texCoords": {
                "u": [
                    0.7265625,
                    0.7734375,
                    0.734375
                ],
                "v": [
                    0.9296875,
                    0.9375,
                    0.984375
                ]
            },
            "texIndices": 0,
            "transparency": 0.0,
            "vertexColors": [
                0,
                0,
                0
            ]
        },
        {
            "faceNormal": [
                -0.0,
                -0.6844862699508667,
                -0.7290257811546326
            ],
            "flags": 257,
            "indices": [
                30,
                26,
                31
            ],
            "texCoords": {
                "u": [
                    0.7109375,
                    0.7265625,
                    0.734375
                ],
                "v": [
                    0.984375,
                    0.9296875,
                    0.984375
                ]
            },
            "texIndices": 0,
            "transparency": 0.0,
            "vertexColors": [
                0,
                0,
                0
            ]
        },
        {
            "faceNormal": [
                0.0,
                -0.5956979393959045,
                -0.8032085299491882
            ],
            "flags": 257,
            "indices": [
                33,
                32,
                30
            ],
            "texCoords": {
                "u": [
                    0.8828125,
                    0.9296875,
                    0.9296875
                ],
                "v": [
                    0.921875,
                    0.921875,
                    0.84375
                ]
            },
            "texIndices": 0,
            "transparency": 0.0,
            "vertexColors": [
                0,
                0,
                0
            ]
        },
        {
            "faceNormal": [
                -0.0,
                -0.5956979393959045,
                -0.8032085299491882
            ],
            "flags": 257,
            "indices": [
                30,
                31,
                33
            ],
            "texCoords": {
                "u": [
                    0.9296875,
                    0.8828125,
                    0.8828125
                ],
                "v": [
                    0.84375,
                    0.84375,
                    0.921875
                ]
            },
            "texIndices": 0,
            "transparency": 0.0,
            "vertexColors": [
                0,
                0,
                0
            ]
        },
        {
            "faceNormal": [
                0.0,
                1.0,
                0.0
            ],
            "flags": 257,
            "indices": [
                1,
                3,
                0
            ],
            "texCoords": {
                "u": [
                    0.609375,
                    0.609375,
                    0.4140625
                ],
                "v": [
                    0.1875,
                    0.0,
                    0.0
                ]
            },
            "texIndices": 0,
            "transparency": 0.0,
            "vertexColors": [
                0,
                0,
                0
            ]
        },
        {
            "faceNormal": [
                0.0,
                1.0,
                0.0
            ],
            "flags": 257,
            "indices": [
                0,
                2,
                1
            ],
            "texCoords": {
                "u": [
                    0.4140625,
                    0.4140625,
                    0.609375
                ],
                "v": [
                    0.0,
                    0.1875,
                    0.1875
                ]
            },
            "texIndices": 0,
            "transparency": 0.0,
            "vertexColors": [
                0,
                0,
                0
            ]
        },
        {
            "faceNormal": [
                0.0,
                -0.984815776348114,
                0.17360270023345947
            ],
            "flags": 259,
            "indices": [
                34,
                32,
                33
            ],
            "texCoords": {
                "u": [
                    0.9453125,
                    0.9296875,
                    0.8828125
                ],
                "v": [
                    0.9921875,
                    0.921875,
                    0.921875
                ]
            },
            "texIndices": 0,
            "transparency": 0.0,
            "vertexColors": [
                0,
                0,
                0
            ]
        },
        {
            "faceNormal": [
                1.9779432136601827e-07,
                -0.984815776348114,
                0.1736028641462326
            ],
            "flags": 259,
            "indices": [
                33,
                35,
                34
            ],
            "texCoords": {
                "u": [
                    0.8828125,
                    0.8671875,
                    0.9453125
                ],
                "v": [
                    0.921875,
                    0.9921875,
                    0.9921875
                ]
            },
            "texIndices": 0,
            "transparency": 0.0,
            "vertexColors": [
                0,
                0,
                0
            ]
        },
        {
            "faceNormal": [
                0.8337985277175903,
                0.32886630296707153,
                0.4434264302253723
            ],
            "flags": 257,
            "indices": [
                27,
                30,
                32
            ],
            "texCoords": {
                "u": [
                    0.90625,
                    0.9296875,
                    0.9296875
                ],
                "v": [
                    0.84375,
                    0.84375,
                    0.921875
                ]
            },
            "texIndices": 0,
            "transparency": 0.0,
            "vertexColors": [
                0,
                0,
                0
            ]
        },
        {
            "faceNormal": [
                -0.8337985277175903,
                0.3288663327693939,
                0.4434264302253723
            ],
            "flags": 257,
            "indices": [
                31,
                27,
                33
            ],
            "texCoords": {
                "u": [
                    0.8828125,
                    0.90625,
                    0.8828125
                ],
                "v": [
                    0.84375,
                    0.84375,
                    0.921875
                ]
            },
            "texIndices": 0,
            "transparency": 0.0,
            "vertexColors": [
                0,
                0,
                0
            ]
        },
        {
            "faceNormal": [
                -0.0,
                0.8352708220481873,
                0.5498387813568115
            ],
            "flags": 257,
            "indices": [
                33,
                27,
                32
            ],
            "texCoords": {
                "u": [
                    0.8828125,
                    0.90625,
                    0.9296875
                ],
                "v": [
                    0.921875,
                    0.84375,
                    0.921875
                ]
            },
            "texIndices": 0,
            "transparency": 0.0,
            "vertexColors": [
                0,
                0,
                0
            ]
        }
    ],
    "groups": [],
    "selections": [],
    "textures": [
        "GRAPH\\OBJ3D\\TEXTURES\\ITEM_GOLDEN_SNAKE.BMP"
    ],
    "vertices": [
        {
            "legacy": {
                "color": 0,
                "rhw": 0.0,
                "screen": [
                    -0.32703524827957153,
                    0.01847648248076439,
                    -0.11899171769618988
                ],
                "specular": 0,
                "uv": [
                    0.0,
                    0.0
                ]
            },
            "normal": [
                -0.32703524827957153,
                0.01847648248076439,
                -0.11899171769618988
            ],
            "position": [
                -19.45374870300293,
                0.0,
                -8.092194548225962e-06
            ]
        },
        {
            "legacy": {
                "color": 0,
                "rhw": 0.0,
                "screen": [
                    0.3195503056049347,
                    0.005995573941618204,
                    0.09653698652982712
                ],
                "specular": 0,
                "uv": [
                    0.0,
                    0.0
                ]
            },
            "normal": [
                0.3195503056049347,
                0.005995573941618204,
                0.09653698652982712
            ],
            "position": [
                19.45374870300293,
                0.0,
                4.046097274112981e-06
            ]
        },
        {
            "legacy": {
                "color": 0,
                "rhw": 0.0,
                "screen": [
                    -0.1300274282693863,
                    -0.2581065595149994,
                    0.3900817036628723
                ],
                "specular": 0,
                "uv": [
                    0.0,
                    0.0
                ]
            },
            "normal": [
                -0.1300274282693863,
                -0.2581065595149994,
                0.3900817036628723
            ],
            "position": [
                -2.6973982585332124e-06,
                0.0,
                19.45374870300293
            ]
        },
        {
            "legacy": {
                "color": 0,
                "rhw": 0.0,
                "screen": [
                    0.1393834799528122,
                    -0.21130330860614777,
                    -0.41815027594566345
                ],
                "specular": 0,
                "uv": [
                    0.0,
                    0.0
                ]
            },
            "normal": [
                0.1393834799528122,
                -0.21130330860614777,
                -0.41815027594566345
            ],
            "position": [
                6.069145911169471e-06,
                0.0,
                -19.453746795654297
            ]
        },
        {
            "legacy": {
                "color": 0,
                "rhw": 0.0,
                "screen": [
                    -0.5816859602928162,
                    -0.3943880796432495,
                    0.09664668887853622
                ],
                "specular": 0,
                "uv": [
                    0.0,
                    0.0
                ]
            },
            "normal": [
                -0.5816859602928162,
                -0.3943880796432495,
                0.09664668887853622
            ],
            "position": [
                -4.417724609375,
                -12.499998092651367,
                -1.2460289001464844
            ]
        },
        {
            "legacy": {
                "color": 0,
                "rhw": 0.0,
                "screen": [
                    0.5891706943511963,
                    -0.3819071054458618,
                    -0.11888150125741959
                ],
                "specular": 0,
                "uv": [
                    0.0,
                    0.0
                ]
            },
            "normal": [
                0.5891706943511963,
                -0.3819071054458618,
                -0.11888150125741959
            ],
            "position": [
                4.417724609375,
                -12.499998092651367,
                -1.246026873588562
            ]
        },
        {
            "legacy": {
                "color": 0,
                "rhw": 0.0,
                "screen": [
                    0.07430095970630646,
                    -0.0811731293797493,
                    0.6204706430435181
                ],
                "specular": 0,
                "uv": [
                    0.0,
                    0.0
                ]
            },
            "normal": [
                0.07430095970630646,
                -0.0811731293797493,
                0.6204706430435181
            ],
            "position": [
                -3.877510152960895e-06,
                -12.499998092651367,
                3.171696424484253
            ]
        },
        {
            "legacy": {
                "color": 0,
                "rhw": 0.0,
                "screen": [
                    -0.07964760810136795,
                    -0.5007427930831909,
                    -0.6247310638427734
                ],
                "specular": 0,
                "uv": [
                    0.0,
                    0.0
                ]
            },
            "normal": [
                -0.07964760810136795,
                -0.5007427930831909,
                -0.6247310638427734
            ],
            "position": [
                0.0,
                -12.499998092651367,
                -5.66375207901001
            ]
        },
        {
            "legacy": {
                "color": 0,
                "rhw": 0.0,
                "screen": [
                    -0.530327558517456,
                    0.026472248136997223,
                    0.008391962386667728
                ],
                "specular": 0,
                "uv": [
                    0.0,
                    0.0
                ]
            },
            "normal": [
                -0.530327558517456,
                0.026472248136997223,
                0.008391962386667728
            ],
            "position": [
                -4.398593425750732,
                -23.727888107299805,
                5.188798427581787
            ]
        },
        {
            "legacy": {
                "color": 0,
                "rhw": 0.0,
                "screen": [
                    0.5303272604942322,
                    0.02647225186228752,
                    0.008392183110117912
                ],
                "specular": 0,
                "uv": [
                    0.0,
                    0.0
                ]
            },
            "normal": [
                0.5303272604942322,
                0.02647225186228752,
                0.008392183110117912
            ],
            "position": [
                4.398593425750732,
                -23.727888107299805,
                5.188798427581787
            ]
        },
        {
            "legacy": {
                "color": 0,
                "rhw": 0.0,
                "screen": [
                    -3.264531187596731e-07,
                    0.1783149093389511,
                    0.7735884189605713
                ],
                "specular": 0,
                "uv": [
                    0.0,
                    0.0
                ]
            },
            "normal": [
                -3.264531187596731e-07,
                0.1783149093389511,
                0.7735884189605713
            ],
            "position": [
                -3.7089225770614576e-06,
                -23.177812576293945,
                8.358966827392578
            ]
        },
        {
            "legacy": {
                "color": 0,
                "rhw": 0.0,
                "screen": [
                    -1.0069193479012029e-08,
                    -0.21581096947193146,
                    -0.7537751793861389
                ],
                "specular": 0,
                "uv": [
                    0.0,
                    0.0
                ]
            },
            "normal": [
                -1.0069193479012029e-08,
                -0.21581096947193146,
                -0.7537751793861389
            ],
            "position": [
                0.0,
                -24.277963638305664,
                2.018629789352417
            ]
        },
        {
            "legacy": {
                "color": 0,
                "rhw": 0.0,
                "screen": [
                    -0.31883323192596436,
                    0.11747553944587708,
                    0.04761258140206337
                ],
                "specular": 0,
                "uv": [
                    0.0,
                    0.0
                ]
            },
            "normal": [
                -0.31883323192596436,
                0.11747553944587708,
                0.04761258140206337
            ],
            "position": [
                -9.945219993591309,
                -35.87236022949219,
                5.258173942565918
            ]
        },
        {
            "legacy": {
                "color": 0,
                "rhw": 0.0,
                "screen": [
                    0.31883305311203003,
                    0.11747544258832932,
                    0.04761258512735367
                ],
                "specular": 0,
                "uv": [
                    0.0,
                    0.0
                ]
            },
            "normal": [
                0.31883305311203003,
                0.11747544258832932,
                0.04761258512735367
            ],
            "position": [
                9.945219993591309,
                -35.87236022949219,
                5.258173942565918
            ]
        },
        {
            "legacy": {
                "color": 0,
                "rhw": 0.0,
                "screen": [
                    -2.1060792221305746e-07,
                    -0.23190687596797943,
                    0.8395684957504272
                ],
                "specular": 0,
                "uv": [
                    0.0,
                    0.0
                ]
            },
            "normal": [
                -2.1060792221305746e-07,
                -0.23190687596797943,
                0.8395684957504272
            ],
            "position": [
                -7.75502030592179e-06,
                -36.92682647705078,
                8.344475746154785
            ]
        },
        {
            "legacy": {
                "color": 0,
                "rhw": 0.0,
                "screen": [
                    -2.8514295369319598e-09,
                    0.3693012297153473,
                    -0.7802425622940063
                ],
                "specular": 0,
                "uv": [
                    0.0,
                    0.0
                ]
            },
            "normal": [
                -2.8514295369319598e-09,
                0.3693012297153473,
                -0.7802425622940063
            ],
            "position": [
                0.0,
                -34.24993133544922,
                1.750650405883789
            ]
        },
        {
            "legacy": {
                "color": 0,
                "rhw": 0.0,
                "screen": [
                    -0.2942797839641571,
                    -0.137724369764328,
                    -0.04099636152386665
                ],
                "specular": 0,
                "uv": [
                    0.0,
                    0.0
                ]
            },
            "normal": [
                -0.2942797839641571,
                -0.137724369764328,
                -0.04099636152386665
            ],
            "position": [
                -13.873167991638184,
                -43.952247619628906,
                -1.2484098672866821
            ]
        },
        {
            "legacy": {
                "color": 0,
                "rhw": 0.0,
                "screen": [
                    0.2942795753479004,
                    -0.13772442936897278,
                    -0.040996208786964417
                ],
                "specular": 0,
                "uv": [
                    0.0,
                    0.0
                ]
            },
            "normal": [
                0.2942795753479004,
                -0.13772442936897278,
                -0.040996208786964417
            ],
            "position": [
                13.873167991638184,
                -43.952247619628906,
                -1.2484098672866821
            ]
        },
        {
            "legacy": {
                "color": 0,
                "rhw": 0.0,
                "screen": [
                    -1.2057641640694783e-07,
                    -0.7475367784500122,
                    0.5235803723335266
                ],
                "specular": 0,
                "uv": [
                    0.0,
                    0.0
                ]
            },
            "normal": [
                -1.2057641640694783e-07,
                -0.7475367784500122,
                0.5235803723335266
            ],
            "position": [
                -7.586432730022352e-06,
                -46.595176696777344,
                1.5071654319763184
            ]
        },
        {
            "legacy": {
                "color": 0,
                "rhw": 0.0,
                "screen": [
                    0.0,
                    0.6519440412521362,
                    -0.6774477958679199
                ],
                "specular": 0,
                "uv": [
                    0.0,
                    0.0
                ]
            },
            "normal": [
                0.0,
                0.6519440412521362,
                -0.6774477958679199
            ],
            "position": [
                0.0,
                -40.39350128173828,
                -3.3626623153686523
            ]
        },
        {
            "legacy": {
                "color": 0,
                "rhw": 0.0,
                "screen": [
                    -0.48728829622268677,
                    -0.01488845981657505,
                    -0.25549226999282837
                ],
                "specular": 0,
                "uv": [
                    0.0,
                    0.0
                ]
            },
            "normal": [
                -0.48728829622268677,
                -0.01488845981657505,
                -0.25549226999282837
            ],
            "position": [
                -4.439411163330078,
                -47.372886657714844,
                -8.175293922424316
            ]
        },
        {
            "legacy": {
                "color": 0,
                "rhw": 0.0,
                "screen": [
                    0.4872880280017853,
                    -0.014888577163219452,
                    -0.25549212098121643
                ],
                "specular": 0,
                "uv": [
                    0.0,
                    0.0
                ]
            },
            "normal": [
                0.4872880280017853,
                -0.014888577163219452,
                -0.25549212098121643
            ],
            "position": [
                4.439411163330078,
                -47.372886657714844,
                -8.175293922424316
            ]
        },
        {
            "legacy": {
                "color": 0,
                "rhw": 0.0,
                "screen": [
                    -2.0893349983452936e-07,
                    -0.9259850978851318,
                    0.013024695217609406
                ],
                "specular": 0,
                "uv": [
                    0.0,
                    0.0
                ]
            },
            "normal": [
                -2.0893349983452936e-07,
                -0.9259850978851318,
                0.013024695217609406
            ],
            "position": [
                -3.7089225770614576e-06,
                -49.20060729980469,
                -7.915383815765381
            ]
        },
        {
            "legacy": {
                "color": 0,
                "rhw": 0.0,
                "screen": [
                    0.0,
                    0.7847132086753845,
                    -0.15091735124588013
                ],
                "specular": 0,
                "uv": [
                    0.0,
                    0.0
                ]
            },
            "normal": [
                0.0,
                0.7847132086753845,
                -0.15091735124588013
            ],
            "position": [
                0.0,
                -44.184226989746094,
                -7.727859020233154
            ]
        },
        {
            "legacy": {
                "color": 0,
                "rhw": 0.0,
                "screen": [
                    -0.6450226902961731,
                    -0.14564988017082214,
                    -0.36909809708595276
                ],
                "specular": 0,
                "uv": [
                    0.0,
                    0.0
                ]
            },
            "normal": [
                -0.6450226902961731,
                -0.14564988017082214,
                -0.36909809708595276
            ],
            "position": [
                -2.7968287467956543,
                -46.48603057861328,
                -13.36369800567627
            ]
        },
        {
            "legacy": {
                "color": 0,
                "rhw": 0.0,
                "screen": [
                    0.6450222134590149,
                    -0.14565014839172363,
                    -0.3690979778766632
                ],
                "specular": 0,
                "uv": [
                    0.0,
                    0.0
                ]
            },
            "normal": [
                0.6450222134590149,
                -0.14565014839172363,
                -0.3690979778766632
            ],
            "position": [
                2.7968287467956543,
                -46.48603057861328,
                -13.36369800567627
            ]
        },
        {
            "legacy": {
                "color": 0,
                "rhw": 0.0,
                "screen": [
                    -3.1392104915539676e-07,
                    -0.7809622287750244,
                    -0.42074382305145264
                ],
                "specular": 0,
                "uv": [
                    0.0,
                    0.0
                ]
            },
            "normal": [
                -3.1392104915539676e-07,
                -0.7809622287750244,
                -0.42074382305145264
            ],
            "position": [
                -4.046097274112981e-06,
                -48.262451171875,
                -13.184758186340332
            ]
        },
        {
            "legacy": {
                "color": 0,
                "rhw": 0.0,
                "screen": [
                    0.0,
                    0.6876378059387207,
                    0.16144870221614838
                ],
                "specular": 0,
                "uv": [
                    0.0,
                    0.0
                ]
            },
            "normal": [
                0.0,
                0.6876378059387207,
                0.16144870221614838
            ],
            "position": [
                0.0,
                -44.16279602050781,
                -15.996208190917969
            ]
        },
        {
            "legacy": {
                "color": 0,
                "rhw": 0.0,
                "screen": [
                    0.46763569116592407,
                    0.7481561899185181,
                    -0.0907224491238594
                ],
                "specular": 0,
                "uv": [
                    0.0,
                    0.0
                ]
            },
            "normal": [
                0.46763569116592407,
                0.7481561899185181,
                -0.0907224491238594
            ],
            "position": [
                1.9500004053115845,
                -44.29081726074219,
                -12.389601707458496
            ]
        },
        {
            "legacy": {
                "color": 0,
                "rhw": 0.0,
                "screen": [
                    -0.4676356315612793,
                    0.7481561899185181,
                    -0.0907224640250206
                ],
                "specular": 0,
                "uv": [
                    0.0,
                    0.0
                ]
            },
            "normal": [
                -0.4676356315612793,
                0.7481561899185181,
                -0.0907224640250206
            ],
            "position": [
                -1.9500004053115845,
                -44.29081726074219,
                -12.389601707458496
            ]
        },
        {
            "legacy": {
                "color": 0,
                "rhw": 0.0,
                "screen": [
                    0.36507341265678406,
                    -0.1326349675655365,
                    -0.44547203183174133
                ],
                "specular": 0,
                "uv": [
                    0.0,
                    0.0
                ]
            },
            "normal": [
                0.36507341265678406,
                -0.1326349675655365,
                -0.44547203183174133
            ],
            "position": [
                0.49999985098838806,
                -44.657386779785156,
                -16.56957244873047
            ]
        },
        {
            "legacy": {
                "color": 0,
                "rhw": 0.0,
                "screen": [
                    -0.4259190559387207,
                    -0.055457703769207,
                    -0.385849267244339
                ],
                "specular": 0,
                "uv": [
                    0.0,
                    0.0
                ]
            },
            "normal": [
                -0.4259190559387207,
                -0.055457703769207,
                -0.385849267244339
            ],
            "position": [
                -0.49999985098838806,
                -44.657386779785156,
                -16.56957244873047
            ]
        },
        {
            "legacy": {
                "color": 0,
                "rhw": 0.0,
                "screen": [
                    0.20844963192939758,
                    -0.10409415513277054,
                    0.09091484546661377
                ],
                "specular": 0,
                "uv": [
                    0.0,
                    0.0
                ]
            },
            "normal": [
                0.20844963192939758,
                -0.10409415513277054,
                0.09091484546661377
            ],
            "position": [
                0.49999985098838806,
                -42.953521728515625,
                -17.833240509033203
            ]
        },
        {
            "legacy": {
                "color": 0,
                "rhw": 0.0,
                "screen": [
                    -0.1389663815498352,
                    -0.332815021276474,
                    -0.044324375689029694
                ],
                "specular": 0,
                "uv": [
                    0.0,
                    0.0
                ]
            },
            "normal": [
                -0.1389663815498352,
                -0.332815021276474,
                -0.044324375689029694
            ],
            "position": [
                -0.49999985098838806,
                -42.953521728515625,
                -17.833240509033203
            ]
        },
        {
            "legacy": {
                "color": 0,
                "rhw": 0.0,
                "screen": [
                    9.889716068300913e-08,
                    -0.984815776348114,
                    0.17360278964042664
                ],
                "specular": 0,
                "uv": [
                    0.0,
                    0.0
                ]
            },
            "normal": [
                9.889716068300913e-08,
                -0.984815776348114,
                0.17360278964042664
            ],
            "position": [
                0.8100003600120544,
                -43.22801208496094,
                -19.39037322998047
            ]
        },
        {
            "legacy": {
                "color": 0,
                "rhw": 0.0,
                "screen": [
                    1.9779432136601827e-07,
                    -0.984815776348114,
                    0.1736028790473938
                ],
                "specular": 0,
                "uv": [
                    0.0,
                    0.0
                ]
            },
            "normal": [
                1.9779432136601827e-07,
                -0.984815776348114,
                0.1736028790473938
            ],
            "position": [
                -0.8099997043609619,
                -43.22801208496094,
                -19.390371322631836
            ]
        },
        {
            "legacy": {
                "color": 0,
                "rhw": 0.0,
                "screen": [
                    0.0,
                    0.0,
                    0.0
                ],
                "specular": 0,
                "uv": [
                    0.0,
                    0.0
                ]
            },
            "normal": [
                0.0,
                0.0,
                0.0
            ],
            "position": [
                0.0,
                0.0,
                0.0
            ]
        }
    ]
}