{
    "primary": {
        "identifier": "FTL",
        "version": 0.8325700163841248
    },
    "secondary_offsets": {
        "3dData": 544,
        "clothesData": -1,
        "collisionSpheres": -1,
        "cylinder": -1,
        "physicsBox": -1,
        "progressiveData": -1
    },
    "section_headers": {
        "3dData": {
            "actionCount": 0,
            "faceCount": 66,
            "groupCount": 0,
            "modelName": "",
            "originVertexIndex": 36,
            "selectionCount": 0,
            "textureCount": 1,
            "vertexCount": 37
        },
        "clothes": {
            "springCount": 0,
            "vertexCount": 0
        },
        "collisionSpheres": {
            "count": 0
        },
        "progressive": {
            "vertexCount": 0
        }
    }
}